timestamp,source,result_uuid
2026-07-20 04:22,,f6401fb4-de85-4382-8bda-4163791c69c5
2026-07-20 13:12,,e0182399-fd23-4640-8882-11ab9f9e86a3
2026-07-20 22:03,,ccce6b7b-b2db-4d65-a5db-c502647f032b
2026-07-21 06:53,,be248772-fcea-4584-9846-5eb6774b173b
2026-07-21 15:44,,bd48fe0d-7141-4664-b86c-d2f56ae50d1e
2026-07-22 00:34,,7d231399-ee2a-4e2c-b7e1-a12c591a5e2d
2026-07-22 09:25,,71d65db2-54da-4770-b10f-514e96af0178
2026-07-22 18:15,,61b25357-88eb-4eb6-a781-1faf76eaa761
2026-07-23 03:06,,557ef729-ea1f-4ea3-aca7-e01b878a18df
2026-07-23 11:56,,296487f3-6a08-4556-af15-3d7836d2a8ce
2026-07-23 20:47,,15c2b110-fbc5-462e-85e2-d665d3869c5a
2026-07-24 05:37,,fd6a512c-a8c4-43b4-89a9-a134bcd35517
2026-07-24 14:28,,f96a70c4-a9ba-44b0-8bb7-739c439bd6f8
2026-07-24 23:18,,e34b20f4-6f86-414a-8b9c-6eccf5f20b3c
2026-07-25 08:09,,e06c9275-7e8f-48a2-af7e-f8913d9768a5
2026-07-25 16:59,,cb9e23ba-d6dd-4ce9-b5f1-7def3682ac49
2026-07-26 01:50,,bf0161c0-c0e0-4790-b590-dec2cf6716e2
2026-07-26 10:40,,afeab6f6-2caf-4974-b529-e346d0a56b30
2026-07-26 19:31,,98a18948-d64c-4aaa-9461-4f00558d9dc2
2026-07-27 04:22,,de5f7add-2ebb-4610-b69d-2722c5a5ea37
