time_step,text_hash,source_label,trace_status,trace_error,trace_mode,ate,ate_ci_lower,ate_ci_upper,ci_width,refuted_count,identifiable,concept_count,edge_count,adj_density,max_delta_nll,concept_coverage,condition_number,unk_rate,ccm_coverage_pct,ccm_verdict,edm_rho_high,edm_rho_mid,havok_status,havok_linear_pct,causallearn_consensus,edge_stability_mean,permutation_p_value,total_ms,consensus_score,consensus_direction,z_pca_1,z_pca_2,z_pca_3,secular_entropy,z_福音,z_吉祥,z_奥美,z_存在,z_自孕,z_弥赛亚,z_Alice,z_觉爱,dz_福音,dz_吉祥,dz_奥美,dz_存在,dz_自孕,dz_弥赛亚,dz_Alice,dz_觉爱,d2z_福音,d2z_吉祥,d2z_奥美,d2z_存在,d2z_自孕,d2z_弥赛亚,d2z_Alice,d2z_觉爱,z_福音_zscore,z_吉祥_zscore,z_奥美_zscore,z_存在_zscore,z_自孕_zscore,z_弥赛亚_zscore,z_Alice_zscore,z_觉爱_zscore,dz_福音_zscore,dz_吉祥_zscore,dz_奥美_zscore,dz_存在_zscore,dz_自孕_zscore,dz_弥赛亚_zscore,dz_Alice_zscore,dz_觉爱_zscore,d2z_福音_zscore,d2z_吉祥_zscore,d2z_奥美_zscore,d2z_存在_zscore,d2z_自孕_zscore,d2z_弥赛亚_zscore,d2z_Alice_zscore,d2z_觉爱_zscore
2026-07-01,ac191a48,临海日报,SKIPPED,,deep,,,,,,,,,,,,,,,,,,,,,,,,,,0.0198564445051115,-0.0210698600607824,-0.0250776272049563,0.9811955212738378,-0.8956042973462143,-0.1436160206999284,0.0231505286470834,0.153301149087501,0.0803304532923028,0.0715883120127464,0.058897141015033,-0.1005902161869705,,,,,,,,,,,,,,,,,-1.1244942770668942,-0.8329656071192025,0.327234677504122,-1.1421462017091737,-0.898548243487864,-0.485112688808306,-0.9916046476837695,2.133498724091428,,,,,,,,,,,,,,,,
2026-07-02,43899c74,临海城建,SKIPPED,,deep,,,,,,,,,,,,,,,,,,,,,,,,,,0.0091014251306238,0.0045228740962206,-0.0036992139412973,0.7284899392832208,-0.8893219287787635,-0.1387204615649338,0.019130113445755,0.1563828732393911,0.0843424168860332,0.0755457048034946,0.0720916669354316,-0.1121279689214759,7.27125991603101e-08,5.666156406243677e-08,-4.6532583348708674e-08,3.5668103609839034e-08,4.643476381632301e-08,4.580315730032648e-08,1.527144203749836e-07,-1.335388047975157e-07,,,,,,,,,-0.1332282431149596,0.6252451347596689,-0.8075766417694051,-0.7337261059050483,-0.2192288833235159,0.6783904800426602,1.6994411610720093,-0.1958411839115134,0.0,0.0,0.0,0.0,0.0,0.0,0.0,0.0,,,,,,,,
2026-07-03,4b5be9a9,海关通讯,SKIPPED,,deep,,,,,,,,,,,,,,,,,,,,,,,,,,0.0025292969329658,0.003708738495077,-0.001682053319671,0.8384024030223071,-0.8895251221653564,-0.137966590229934,0.0191086462589312,0.1527720631268617,0.0846744154801017,0.0715305438364535,0.0656429413597606,-0.1082883407733681,-2.351775307788365e-09,8.72536267360938e-09,-2.4846281046069053e-10,-4.179178370983096e-08,3.842576320237461e-09,-4.6471770451864635e-08,-7.46380274961918e-08,4.444014060309891e-08,-8.688006304178064e-13,-5.548171457040209e-13,5.356958395630553e-13,-8.965264736072916e-13,-4.929651330565457e-13,-1.0679968489836934e-12,-2.631394072583049e-12,2.059941497692299e-12,-0.2032679025007351,0.9134129755004332,-0.9434204995628492,-1.1692947085440173,-0.1213890249867773,-0.8095109097085775,0.4092644784178155,0.6422779690095524,0.0,0.0,0.0,0.0,0.0,0.0,0.0,0.0,0.0,0.0,0.0,0.0,0.0,0.0,0.0,0.0
2026-07-04,67e45228,临海财经,SKIPPED,,deep,,,,,,,,,,,,,,,,,,,,,,,,,,0.013501813748871,-0.0195319714062943,-0.03202902481705,0.7950948810039948,-0.8944674224501418,-0.1368491809242976,0.0180106366525827,0.1484625474246523,0.0834999324150835,0.0716263474960804,0.0550786284147581,-0.1052028204625338,-5.720254959242329e-08,1.2932978074494624e-08,-1.2708444517922008e-08,-4.987865396075648e-08,-1.3593553993265758e-08,1.108838653088801e-09,-1.222721405671584e-07,3.5712040634656385e-08,-6.34846924590682e-13,4.869925232506069e-14,-1.4421275124376525e-13,-9.359803531163804e-14,-2.0180706381369466e-13,5.507014942702943e-13,-5.513207531361874e-13,-1.0101967556067747e-13,-1.048048996132107,1.1488716612103478,-1.1679839467196005,-1.7454483890832568,-0.3684584391542819,-0.6963968367455525,-1.550582545766454,1.2775422894839954,0.0,0.0,0.0,0.0,0.0,0.0,0.0,0.0,0.0,0.0,0.0,0.0,0.0,0.0,0.0,0.0
2026-07-05,8678a74f,财经快讯,SKIPPED,,deep,,,,,,,,,,,,,,,,,,,,,,,,,,0.0126491052541112,-0.0121883228089196,-0.0173118441298061,0.9505730816168376,-0.8911831763854452,-0.1424552375004147,0.0183006346996959,0.1551780064972837,0.0856830253789246,0.0750272498653726,0.0559823421889895,-0.1075051424438362,3.80121072302844e-08,-6.488491407542903e-08,3.3564588786245403e-09,7.772522074804904e-08,2.526727967408715e-08,3.9362295940882494e-08,1.0459650164714333e-08,-2.6647245153963404e-08,1.1020214910035613e-12,-9.00670048031524e-13,1.8593638190447396e-13,1.4768966980185826e-12,4.497781674462142e-13,4.427483482383529e-13,1.5362475779151933e-12,-7.217509929238399e-13,-0.4566641317105428,-0.5589268737459663,-0.9943171507586832,-0.704253478005327,0.063924655676063,0.5519181863754734,-1.2574824126765982,0.7676649971376642,0.0,0.0,0.0,0.0,0.0,0.0,0.0,0.0,0.0,0.0,0.0,0.0,0.0,0.0,0.0,0.0
2026-07-06,0006d193,港口内讯,SKIPPED,,deep,,,,,,,,,,,,,,,,,,,,,,,,,,0.0194648347572265,-0.0170069136240405,-0.019058152061131,0.993955114223368,-0.8920380997280849,-0.1440788800875122,0.0281629805794369,0.157570705213337,0.0770231197024482,0.0675068956276193,0.0606427032446865,-0.1040854367969577,-9.894946095366921e-09,-1.8792159572887943e-08,1.141475217562616e-07,2.769327217654217e-08,-1.0023038977403256e-07,-8.704113701103337e-08,5.393936407056726e-08,3.9579926468502014e-08,-5.544797838617051e-13,5.334809548905219e-13,1.2823039684911696e-12,-5.790734788368849e-13,-1.4525193223162006e-12,-1.4630026962027297e-12,5.032374294658904e-13,7.665181900748312e-13,-0.6188711111041312,-0.9527597358566487,1.6140185539088452,-0.3973001258337803,-1.4849331440139393,-1.99502212732295,-0.3387158230714131,1.3195448124643696,0.0,0.0,0.0,0.0,0.0,0.0,0.0,0.0,0.0,0.0,0.0,0.0,0.0,0.0,0.0,0.0
2026-07-07,9da113c9,临海日报,SKIPPED,,deep,,,,,,,,,,,,,,,,,,,,,,,,,,0.0135259293429839,0.006652725420014,-0.002664142942822,0.5588118321652144,-0.8890829420087645,-0.1334215562378914,0.0179123190844854,0.1549599685687093,0.0844709110339347,0.0776604722112347,0.0744340997708845,-0.104235168836225,3.4203214343986374e-08,1.233486556669079e-07,-1.186419154508268e-07,-3.021685931282013e-08,8.620128855887106e-08,1.1751824749554865e-07,1.596226449791433e-07,-1.7330097137423495e-09,5.103953754554779e-13,1.6451483245346741e-12,-2.6943221898968562e-12,-6.702561514972487e-13,2.157774054778977e-12,2.367585468826181e-12,1.2231861216270373e-12,-4.781589835907913e-13,-0.1153662242486991,1.9586595796514572,-1.0830466958765703,-0.7223568951819721,-0.0925310734347833,1.3853782621333268,2.0274423409730185,1.1644050151448448,0.0,0.0,0.0,0.0,0.0,0.0,0.0,0.0,0.0,0.0,0.0,0.0,0.0,0.0,0.0,0.0
2026-07-08,365e305c,财经周报,SKIPPED,,deep,,,,,,,,,,,,,,,,,,,,,,,,,,0.0082140057443997,-0.0102975785231247,-0.0152826266933161,0.880252412096424,-0.8929793615352879,-0.137880957830197,0.0168422629223853,0.151178137362044,0.0891878291804347,0.0745587271570445,0.0581198599566875,-0.1060275550544379,-4.50974482236507e-08,-5.1613444355389153e-08,-1.2384909283565776e-08,-4.3771194521589546e-08,5.459396002893576e-08,-3.5899827016090574e-08,-1.888222200717241e-07,-2.0745210858944952e-08,-9.17831742680985e-13,-2.025024305813623e-12,1.229826460269225e-12,-1.568788797311275e-13,-3.658255616890659e-13,-1.775672158699528e-12,-4.032926678829483e-12,-2.2004862436577082e-13,-0.7512894316693832,0.6849129510108236,-1.3681247864373507,-1.1521155644807048,0.7107017281221389,0.2190352675448607,-0.96671285185932,0.7392350598832802,0.0,0.0,0.0,0.0,0.0,0.0,0.0,0.0,0.0,0.0,0.0,0.0,0.0,0.0,0.0,0.0
2026-07-09,38b43661,临海商务,SKIPPED,,deep,,,,,,,,,,,,,,,,,,,,,,,,,,0.0066909018173459,0.0258605584743007,-0.0241805279495463,0.7437293122758158,-0.8771595128892401,-0.1457911139712021,0.019604727217785,0.1704352794107772,0.0985516424929485,0.079649138140307,0.0619618932812494,-0.1096665558744821,1.8310010006999765e-07,-9.155273311348461e-08,3.1972966381940464e-08,2.2288358852700485e-07,1.083774688948349e-07,5.8916793787760613e-08,4.4467978293540265e-08,-4.2118065046808064e-08,2.6411753274727817e-12,-4.622602865520308e-13,5.13401338721137e-13,3.086282211210584e-12,6.224943155775364e-13,1.0974145926371665e-12,2.700118036635004e-12,-2.473709975447119e-13,1.7622858853967545,-1.449117836559066,-0.5696020801545294,1.3929816049490316,2.0410883908805952,1.7963844247993344,-0.1968876977101089,-0.0140323190261163,0.0,0.0,0.0,0.0,0.0,0.0,0.0,0.0,0.0,0.0,0.0,0.0,0.0,0.0,0.0,0.0
2026-07-10,9cd613ef,气象通讯,SKIPPED,,deep,,,,,,,,,,,,,,,,,,,,,,,,,,0.0186705952790494,0.028534944124908,-0.030003664692296,0.9368442505351852,-0.871979816576394,-0.1477335687553292,0.0274792210557665,0.1732812208892144,0.0995616950081451,0.0778549362884928,0.0659397897316527,-0.1135623402488185,5.995018880608905e-08,-2.248211555702702e-08,9.113997497663789e-08,3.293913748191232e-08,1.1690422629590978e-08,-2.076622513673824e-08,4.604046817596387e-08,-4.509009692519007e-08,-1.4253461951841274e-12,7.994284439404813e-13,6.848033402164056e-13,-2.1984311463552373e-12,-1.1190630354773605e-12,-9.22257163477996e-13,1.8200114379902868e-14,-3.4398517110902956e-14,2.233614710806924,-1.7130641405035116,1.3753040871636446,1.7668953004311323,2.0331868056149736,1.0830816228579745,0.5185247567168809,-0.9433307321043526,0.0,0.0,0.0,0.0,0.0,0.0,0.0,0.0,0.0,0.0,0.0,0.0,0.0,0.0,0.0,0.0
2026-07-11,13757d8b,港口内讯,SKIPPED,,deep,,,,,,,,,,,,,,,,,,,,,,,,,,0.0260885800942021,0.0100709618305146,-0.0045755680964819,0.4519850472292728,-0.8842149491012958,-0.1450783785564592,0.0299918859012242,0.1649029549132241,0.0836165798404661,0.0696797611047631,0.0651385579520116,-0.1117914246189664,-1.4161033014932668e-07,3.0731368042477244e-08,2.9081769044649725e-08,-9.697067101840673e-08,-1.8454994407035885e-07,-9.462008314502021e-08,-9.273515968067176e-09,2.0496708678843416e-08,-2.332876376798793e-12,6.158968009201881e-13,-7.182662723609743e-13,-1.5035857465314704e-12,-2.2713005405086786e-12,-8.547900232440045e-13,-6.402081498151742e-13,7.591065463429802e-13,0.494783470293252,-0.9522817694990414,1.816133717595085,0.6924375470174837,-0.402292009518401,-1.4190532171178858,0.3018136725256067,-0.6077492692071796,0.0,0.0,0.0,0.0,0.0,0.0,0.0,0.0,0.0,0.0,0.0,0.0,0.0,0.0,0.0,0.0
2026-07-12,f1f265de,财经快讯,SKIPPED,,deep,,,,,,,,,,,,,,,,,,,,,,,,,,0.0039322459334558,-0.0104014899359487,-0.029980307806264,0.3771682389305929,-0.8896306960386468,-0.1446709415914804,0.0230484695713539,0.1398741292380146,0.0859528183052421,0.0715921027220166,0.0588008919109677,-0.0956578040210792,-6.268225621933933e-08,4.715705613180582e-09,-8.036361492905446e-08,-2.896854823519616e-07,2.7039797046017878e-08,2.2133583533027055e-08,-7.335261621578583e-08,1.8673171988295357e-07,9.135193741896685e-13,-3.0110720404278533e-13,-1.2667289811771318e-12,-2.230495501545773e-12,2.448955336995101e-12,1.351315586551473e-12,-7.416562528671142e-13,1.9240163333809043e-12,-0.2427353568092561,-0.8550014061394573,0.1207089270612863,-2.219797826160494,-0.0402191856067199,-0.7467379487160566,-0.8482387203278173,2.4522146764791697,0.0,0.0,0.0,0.0,0.0,0.0,0.0,0.0,0.0,0.0,0.0,0.0,0.0,0.0,0.0,0.0
2026-07-13,621ab958,临海城建,SKIPPED,,deep,,,,,,,,,,,,,,,,,,,,,,,,,,0.0148766817628372,-0.0114495541143214,-0.0052001534769408,0.7917903216227176,-0.8982323247008771,-0.136814063324563,0.0199665406460226,0.1412370084098853,0.0753769277607244,0.0777593587380667,0.0695759200023694,-0.1000619335649889,-9.95558872943328e-08,9.093609105228492e-08,-3.567047367281604e-08,1.577406448924384e-08,-1.2240614056154697e-07,7.138027796354285e-08,1.247109732801121e-07,-5.097372157302863e-08,-4.26778137442054e-13,9.979211277674112e-13,5.172817275027595e-13,3.5354114217732106e-12,-1.729698351939408e-12,5.699848892420808e-13,2.2924026562025227e-12,-2.751220387222016e-12,-1.4079401574247412,1.0204394825906071,-0.5478443311701393,-1.8563506194092905,-1.5440648348768966,1.178444556795827,1.2474967673881332,1.433772407992829,0.0,0.0,0.0,0.0,0.0,0.0,0.0,0.0,0.0,0.0,0.0,0.0,0.0,0.0,0.0,0.0
2026-07-14,ec7a58cb,航运通报,SKIPPED,,deep,,,,,,,,,,,,,,,,,,,,,,,,,,0.0205389892387314,-0.0245468950092553,-0.0340516269307497,0.918457038106495,-0.8942348780940382,-0.1437481176808371,0.0175277638154827,0.1536760327363838,0.0818504178137335,0.0720169802653511,0.0543172479464823,-0.0969641055935207,4.6266743134709176e-08,-8.025525875317297e-08,-2.8226583686804534e-08,1.4397018896410352e-07,7.492465339130945e-08,-6.646271380457945e-08,-1.7660500064684204e-07,3.58544904105112e-08,1.6877619262620597e-12,-1.981381363489096e-12,8.615613409735544e-14,1.4837514406812464e-12,2.2839212263062088e-12,-1.5954049973162302e-12,-3.487453401932339e-12,1.0049561572168962e-12,-0.723361756072463,-0.8395666751309353,-1.0883073554392193,-0.348738022006493,-0.5180670555176837,-0.7084710241612212,-1.5692390612190534,1.7769498023625965,0.0,0.0,0.0,0.0,0.0,0.0,0.0,0.0,0.0,0.0,0.0,0.0,0.0,0.0,0.0,0.0
2026-07-15,1df6b479,临海财经,SKIPPED,,deep,,,,,,,,,,,,,,,,,,,,,,,,,,0.0140599614902991,-0.0176193775362716,-0.0212323150333846,0.9516470195140118,-0.8949044970130529,-0.1425676674245968,0.0179044141860376,0.1442824747049765,0.0754144883732035,0.075366491574835,0.0584654581321676,-0.1019771657496182,-7.75021897007668e-09,1.3662618706485029e-08,4.359379288829562e-09,-1.0872173647462141e-07,-7.448992408020858e-08,3.8767492007915626e-08,4.801169196395056e-08,-5.802152958446095e-08,-6.251963206572437e-13,1.0870124705978937e-12,3.7715234925502425e-13,-2.924675062948205e-12,-1.7293353874018292e-12,1.2179421969038781e-12,2.5997302385508397e-12,-1.0865280092010665e-12,-0.7514628367281826,-0.4588949335470689,-0.9249813248297906,-1.3070364066665807,-1.3845693358813806,0.4004619569861181,-0.7317152421650353,0.7884590196654628,0.0,0.0,0.0,0.0,0.0,0.0,0.0,0.0,0.0,0.0,0.0,0.0,0.0,0.0,0.0,0.0
2026-07-16,8bcbc879,临海人社,SKIPPED,,deep,,,,,,,,,,,,,,,,,,,,,,,,,,0.0052349593974557,0.0055330830271619,-0.0110947209035634,0.7725156204263015,-0.8891319858794218,-0.1444526607971713,0.0083825447922138,0.150507715497059,0.0898307616071921,0.0784183423496175,0.0572110807135456,-0.1089294873179358,6.68114714540635e-08,-2.1817052923315983e-08,-1.1020682168777524e-07,7.205139805651015e-08,1.6685501428227565e-07,3.532234693035313e-08,-1.4518257159977484e-08,-8.046668481849056e-08,8.62982528057178e-13,-4.106443475671413e-13,-1.3259976964884813e-12,2.092281649665874e-12,2.7933441940102344e-12,-3.987436432363998e-14,-7.237262630084263e-13,-2.5978188928275013e-13,0.0690741698616357,-0.8805237798763278,-2.532650623108739,-0.6031303023529205,0.7158976379826524,1.3014426296949844,-0.8837673797969345,-0.5094649365943014,0.0,0.0,0.0,0.0,0.0,0.0,0.0,0.0,0.0,0.0,0.0,0.0,0.0,0.0,0.0,0.0
2026-07-17,5a48ac12,海关通讯,SKIPPED,,deep,,,,,,,,,,,,,,,,,,,,,,,,,,0.0169445439327612,0.0092866657332028,0.0076960910575161,0.78808499911342,-0.8865252452369077,-0.1420335476432347,0.0146362786127354,0.1577442354803888,0.0891909745751937,0.0697980427550769,0.0652851280049839,-0.110726154721576,3.0170609288357574e-08,2.799899483722869e-08,7.238117847825876e-08,8.375601832557675e-08,-7.404942499982041e-09,-9.977198604792309e-08,9.34496214286845e-08,-2.0794761616206733e-08,-4.2408405284381874e-13,5.765746268581558e-13,2.1132870389587266e-12,1.3547014200308586e-13,-2.016897647942797e-12,-1.563591816878197e-12,1.24962822440581e-12,6.906472592856925e-13,0.4200205951171408,-0.1921640455368152,-1.1555907195364716,0.2355966171965275,0.6168095867536306,-1.321253556310784,0.5715610474934135,-0.7596340024509174,0.0,0.0,0.0,0.0,0.0,0.0,0.0,0.0,0.0,0.0,0.0,0.0,0.0,0.0,0.0,0.0
2026-07-18,86ef3499,财经快讯,SKIPPED,,deep,,,,,,,,,,,,,,,,,,,,,,,,,,-0.0049366024834501,-0.0515923892545185,-0.0190684352828423,0.3740251870601183,-0.9035272912617406,-0.13782767421094,0.0220465324383665,0.1350191086403932,0.074298655188238,0.0689133862738792,0.0577649652803528,-0.0950583889005916,-1.967829401022327e-07,4.8679090651559664e-08,8.576682668554518e-08,-2.630223013888388e-07,-1.723648077193944e-07,-1.0239079643492108e-08,-8.703892042397084e-08,1.8133988218732e-07,-2.626777192020721e-12,2.3935296081401586e-13,1.5492648388063005e-13,-4.013637959657587e-12,-1.909257699298754e-12,1.0362604907920253e-12,-2.088987752924252e-12,2.3395213403185962e-12,-1.9630990133152224,0.8903851808810971,0.366500621119487,-1.9881167194674476,-1.568228606149226,-1.4138322332711806,-0.7086488951628942,1.8619094935829807,0.0,0.0,0.0,0.0,0.0,0.0,0.0,0.0,0.0,0.0,0.0,0.0,0.0,0.0,0.0,0.0
2026-07-19,64274535,临海日报,SKIPPED,,deep,,,,,,,,,,,,,,,,,,,,,,,,,,0.0181158869355794,0.0206986663223676,-0.0082041504986544,0.8295194208711194,-0.8822267511259113,-0.1368271741558404,0.0212512918769015,0.1649065991585992,0.0893171086268644,0.078504411218873,0.0657199572672134,-0.110003496368519,2.465340293498759e-07,1.15798617488374e-08,-9.204173165104352e-09,3.4592002914590335e-07,1.738246925766938e-07,1.1100723315965056e-07,9.20716665145904e-08,-1.7297578087878958e-07,5.130983442732738e-12,-4.293892234111373e-13,-1.0992013871602957e-12,7.047943640448404e-12,4.0068229200936135e-12,1.4033138055919293e-12,2.0730392006777927e-12,-4.100875729931824e-12,1.0246862140546673,1.0832502207283143,0.1765589346975988,1.0212782521390895,0.6467175637585024,1.2370459465046724,0.6759638722810452,-0.708564579015306,0.0,0.0,0.0,0.0,0.0,0.0,0.0,0.0,0.0,0.0,0.0,0.0,0.0,0.0,0.0,0.0
2026-07-20,dbeb46e5,统计公报,SKIPPED,,deep,,,,,,,,,,,,,,,,,,,,,,,,,,0.0345928319255281,-0.0203310288552729,0.047973029155047,0.8300532634438796,-0.8849865582775668,-0.143533995057399,0.013106966342303,0.1561627695622656,0.0889736340416611,0.0788407059248556,0.053150555394005,-0.1036251921358775,-3.194221240341978e-08,-7.762524191618728e-08,-9.426302702081593e-08,-1.01201731439046e-07,-3.975400291704206e-09,3.89229983776181e-09,-1.4547918834731919e-07,7.382296565557265e-08,-3.223104649922403e-12,-1.0324664776044522e-12,-9.84477475181847e-13,-5.175020377140617e-12,-2.057871445236088e-12,-1.2397561727070458e-12,-2.7494311905313607e-12,2.85646697377734e-12,0.6523266525267195,-0.5874461071360916,-1.3461060910444536,0.218949243334275,0.5872437205233262,1.260542808473406,-1.4603366051023552,0.3094689104311194,0.0,0.0,0.0,0.0,0.0,0.0,0.0,0.0,0.0,0.0,0.0,0.0,0.0,0.0,0.0,0.0
2026-07-21,d6329274,港口内讯,SKIPPED,,deep,,,,,,,,,,,,,,,,,,,,,,,,,,0.0206042459910273,0.0062102225246885,-0.0088787361604222,0.6005404809409686,-0.896645981230336,-0.1406271796994002,0.0286795700951176,0.1542254462101384,0.0773916861790095,0.0678885114453858,0.0612982835108528,-0.1083514045212141,-1.349470249163105e-07,3.3643696273133995e-08,1.8023846936128092e-07,-2.2422723982954107e-08,-1.3405032248439333e-07,-1.267615101790489e-07,9.430240875981245e-08,-5.4701532237691857e-08,-1.1921853300103094e-12,1.2878349327467738e-12,3.1771006525705658e-12,9.117940677788413e-13,-1.5054967846376057e-12,-1.5121968751945684e-12,2.7752499665177268e-12,-1.4875520589498206e-12,-1.0007222940261478,0.1400304655699728,1.633482304445195,0.0092503589457041,-1.1053033103026588,-1.5578276622428942,-0.0914293152488423,-0.496837015075515,0.0,0.0,0.0,0.0,0.0,0.0,0.0,0.0,0.0,0.0,0.0,0.0,0.0,0.0,0.0,0.0
2026-07-22,466fcd23,财经快讯,SKIPPED,,deep,,,,,,,,,,,,,,,,,,,,,,,,,,0.0439684476184089,-0.046089557132998,0.0096121630720222,0.7130411916712526,-0.8942635043035522,-0.1414567787082996,0.0159034250834799,0.1449978783489192,0.0867277696267749,0.0730567758849921,0.0594971797409328,-0.0967038973669484,2.7574964430368506e-08,-9.601840380779076e-09,-1.4787204874580674e-07,-1.0680055394929629e-07,1.0805652138617285e-07,5.981787545840594e-08,-2.08461084481488e-08,1.3480911058177926e-07,1.8810415433643405e-12,-5.005270446054753e-13,-3.797575441054255e-12,-9.765952542400717e-13,2.80216254479822e-12,2.1594836300631346e-12,-1.3327374676847366e-12,2.1934102178179524e-12,-0.6208858506863442,-0.0446238096129335,-0.745136931372292,-0.8885639626768381,0.2492606683299638,-0.2064432370224955,-0.3188224045911483,1.4998432532607322,0.0,0.0,0.0,0.0,0.0,0.0,0.0,0.0,0.0,0.0,0.0,0.0,0.0,0.0,0.0,0.0
2026-07-23,d42e7193,临海城建,SKIPPED,,deep,,,,,,,,,,,,,,,,,,,,,,,,,,-0.005848554142609,0.0243389807123045,0.0218100034078099,0.7319710172897276,-0.8800538484452588,-0.1446054314985251,0.0189961137776723,0.1647434478819366,0.0879488582867864,0.070725138489023,0.0642621603517013,-0.1187634187803424,1.6446360947098809e-07,-3.6442740627610254e-08,3.579500803463391e-08,2.285366844099236e-07,1.4132970601985264e-08,-2.698654393482773e-08,5.5150238550561824e-08,-2.553185348772463e-07,1.5843593175997633e-12,-3.106585676716571e-13,2.125776120143989e-12,3.881218036565045e-12,-1.0870781340762453e-12,-1.0046807800142786e-12,8.795873495221138e-13,-4.5153662668868694e-12,1.254779828425417,-0.8050399078984461,-0.1664856403320133,1.063513220769861,0.4027720814391596,-0.7879325898539454,0.5909626143501142,-2.1393226446883085,0.0,0.0,0.0,0.0,0.0,0.0,0.0,0.0,0.0,0.0,0.0,0.0,0.0,0.0,0.0,0.0
2026-07-24,df1c6766,海关通讯,SKIPPED,,deep,,,,,,,,,,,,,,,,,,,,,,,,,,0.0395267818733325,-0.0368725679663223,0.02872971173622,0.9701630190317844,-0.8936233671858567,-0.1417662481099829,0.0129607914117297,0.1499447353924869,0.0869413647015992,0.0735427502041015,0.0463750452746234,-0.0955863908643053,-1.5705461505321604e-07,3.28609188488683e-08,-6.985326812433524e-08,-1.712813945538156e-07,-1.166080538411146e-08,3.2611246702297713e-08,-2.0702679487358686e-07,2.682526379170964e-07,-3.721275746807917e-12,8.021256883851685e-13,-1.222780974062143e-12,-4.6275240620803145e-12,-2.985390739131565e-13,6.897892434852482e-13,-3.034456405372091e-12,6.0598515369715576e-12,-0.5799737108017874,0.0289049194052472,-1.2018507312175364,-0.4336897836921799,0.2303993822593068,-0.0962416509708068,-2.357158082557746,1.4237524583519103,0.0,0.0,0.0,0.0,0.0,0.0,0.0,0.0,0.0,0.0,0.0,0.0,0.0,0.0,0.0,0.0
2026-07-25,9ab30603,临海日报,SKIPPED,,deep,,,,,,,,,,,,,,,,,,,,,,,,,,0.0116846788309422,0.0118688108387291,0.0122293042939231,0.999344058118566,-0.892587195438293,-0.1321318344455618,0.0106932249490292,0.1526456847141728,0.0784265611173851,0.0806752431951546,0.0648091550318545,-0.1080410424561442,1.1992728559764494e-08,1.1150941741228104e-07,-2.6244982207181673e-08,3.126098751951186e-08,-9.855096740988457e-08,8.255200221126262e-08,2.1335775181980417e-07,-1.4415106009072846e-07,1.9565664770020893e-12,9.102835481876471e-13,5.047255314485365e-13,2.344240533256105e-12,-1.005673171594596e-12,5.780180035759828e-13,4.8655618830253576e-12,-4.773190949164639e-12,-0.4290917875890053,2.2372238938613247,-1.4553974020902267,-0.1482341676784224,-0.9389496639423952,1.5546600476699646,0.6079301912538454,-0.4622804245554423,0.0,0.0,0.0,0.0,0.0,0.0,0.0,0.0,0.0,0.0,0.0,0.0,0.0,0.0,0.0,0.0
2026-07-26,fb5cae22,财经周报,SKIPPED,,deep,,,,,,,,,,,,,,,,,,,,,,,,,,0.0299889893280917,-0.027339342175774,0.0100613398175242,0.7920675803956468,-0.8925265902757928,-0.132589997317158,0.0252140213667366,0.1443455945416228,0.0804588867494066,0.0656631059591926,0.0593429334447206,-0.1097861585595695,7.014486400482794e-10,-5.302811013845504e-09,1.680647733530948e-07,-9.606585847858744e-08,2.352228740765584e-08,-1.737515883791896e-07,-6.326645355479089e-08,-2.0198103048903146e-08,-1.3068611018190062e-13,-1.3519933845616498e-12,2.2489555041698663e-12,-1.4736903472002236e-12,1.4128848937215325e-12,-2.966476742945049e-12,-3.2016690436874425e-12,1.4346407065026076e-12,-0.4171091442655233,1.825222647047501,1.0729585015509524,-0.9020044077503636,-0.6887876616028809,-1.9507608243098893,-0.2860486162713402,-0.6756439286228156,0.0,0.0,0.0,0.0,0.0,0.0,0.0,0.0,0.0,0.0,0.0,0.0,0.0,0.0,0.0,0.0
2026-07-27,44639556,临海交通,SKIPPED,,deep,,,,,,,,,,,,,,,,,,,,,,,,,,0.0109451394454005,0.0120188799133215,0.0084757661795406,0.9652555108593,-0.8927189121415033,-0.1372759524258272,0.016874705151785,0.1550601029081522,0.0844251659417172,0.0734599608746217,0.0674065968485427,-0.1043998167631608,-2.225947519797437e-09,-5.4235591535522885e-08,-9.65198635989774e-08,1.240105135014971e-07,4.590600917026127e-08,9.02413763359845e-08,9.332943754423775e-08,6.234191893991541e-08,-3.388189999821431e-14,-5.66351626408303e-13,-3.0623221869452795e-12,2.5471802312509786e-12,2.590708537338591e-13,3.0554741286478484e-12,1.8124524432757939e-12,9.55324328574289e-13,-0.4166316373557919,0.8709986989030739,-0.3821504192173715,0.1586000459514797,-0.1091111446252965,-0.1030429617866852,1.229519851316636,0.1325051870928149,0.0,0.0,0.0,0.0,0.0,0.0,0.0,0.0,0.0,0.0,0.0,0.0,0.0,0.0,0.0,0.0
2026-07-28,b3df4a6d,财政公报,SKIPPED,,deep,,,,,,,,,,,,,,,,,,,,,,,,,,0.0341535176297337,-0.02296868978208,0.0397427953057853,0.9225304588125468,-0.8878673451434291,-0.1428349433480905,0.0183264667137671,0.1485453432408263,0.0876392299195425,0.0774359930567967,0.0546502416418829,-0.100673587199664,5.615239581104408e-08,-6.434017271138088e-08,1.6802795856274777e-08,-7.540231096442012e-08,3.719981455816299e-08,4.601889099739617e-08,-1.47643000077081e-07,4.312765698491605e-08,6.75675270032888e-13,-1.169511710168749e-13,1.3116048548061594e-12,-2.3080188016888562e-12,-1.0076614134373005e-13,-5.118343210484756e-13,-2.7890328428393373e-12,-2.2238729114582601e-13,0.1996860923108301,-0.3850205404319076,-0.141246473546127,-0.4713607431052689,0.3736776997319966,0.7854590291258455,-1.0588378736790025,0.6437703987715163,0.0,0.0,0.0,0.0,0.0,0.0,0.0,0.0,0.0,0.0,0.0,0.0,0.0,0.0,0.0,0.0
2026-07-29,f47f5063,海关通讯,SKIPPED,,deep,,,,,,,,,,,,,,,,,,,,,,,,,,-0.0012579425039344,0.0183118569039268,0.0237767530054255,0.6115881036429187,-0.8829489151080226,-0.1406629871924544,0.016920905087762,0.1571766427391428,0.093201165328784,0.0745861954692166,0.0671773732744432,-0.1120269082642459,5.6926273557945434e-08,2.5138381430973585e-08,-1.6268074375059086e-08,9.98992997490343e-08,6.437425242177735e-08,-3.29837683747698e-08,1.44989949450929e-07,-1.3140417898821572e-07,8.956918366913801e-15,1.035631413684658e-12,-3.827647017515494e-13,2.028953827702019e-12,3.145189567547957e-13,-9.143826316222911e-13,3.386955434351968e-12,-2.020044397837173e-12,0.9482292184002744,0.0735281121628293,-0.3635955499083362,0.4795073125840219,1.315431951198831,0.1930918116263683,1.1074844635762728,-1.006737647512709,0.0,0.0,0.0,0.0,0.0,0.0,0.0,0.0,0.0,0.0,0.0,0.0,0.0,0.0,0.0,0.0
2026-07-30,a5c6c223,临海商务,SKIPPED,,deep,,,,,,,,,,,,,,,,,,,,,,,,,,0.0005433988455349,0.004368818805431,0.0190206346073015,0.1866148182928755,-0.8876535615819718,-0.1407636932063297,0.0213139032329401,0.1611679273586206,0.0889319763434134,0.0759670018119604,0.0625009496728788,-0.1102473858796479,-5.4451926781819364e-08,-1.1655788642980471e-09,5.0844885939560996e-08,4.6195423836547814e-08,-4.9411909552900273e-08,1.5981554892867942e-08,-5.412527316625505e-08,2.0596323895809682e-08,-1.2890995409694998e-12,-3.044439848989772e-13,7.767703740118065e-13,-6.215726378760011e-13,-1.3169694672995094e-12,5.667282785606219e-13,-2.3045743358470377e-12,1.7592650796762198e-12,0.4767415947601041,-0.0399796088043914,0.486642365898582,1.0844646212609683,0.8432581742332088,0.5602878844497886,0.3301462888890409,-0.7904181247478529,0.0,0.0,0.0,0.0,0.0,0.0,0.0,0.0,0.0,0.0,0.0,0.0,0.0,0.0,0.0,0.0
2026-07-31,c74722e3,港口内讯,SKIPPED,,deep,,,,,,,,,,,,,,,,,,,,,,,,,,0.0393846090203229,-0.0133878941178423,0.0070967095984792,0.4115976682101862,-0.8958089864131669,-0.145326159456394,0.0224567624887117,0.1491260017905057,0.0796377363078318,0.0693617062391527,0.064441045122629,-0.0949502806716187,-9.439149110179427e-08,-5.2806322338706095e-08,1.32275376825416e-08,-1.3937413851984838e-07,-1.0757222263404665e-07,-7.645018024082939e-08,2.2454808446183012e-08,1.7704982879663406e-07,-4.622634759256354e-13,-5.976937902130561e-13,-4.353859751969836e-13,-2.1477958606064368e-12,-6.731517717725276e-13,-1.069811749232608e-12,8.86343537180996e-13,1.810804454870653e-12,-0.83647789062176,-1.2458585450764297,0.8587840139729783,-0.2719557058466185,-0.7976595364628849,-1.060082077429986,0.6831738937146132,1.344516178705552,0.0,0.0,0.0,0.0,0.0,0.0,0.0,0.0,0.0,0.0,0.0,0.0,0.0,0.0,0.0,0.0
2026-08-01,10e575b1,临海经开,SKIPPED,,deep,,,,,,,,,,,,,,,,,,,,,,,,,,0.0168518938696271,0.0054954487108363,0.029648772113957,0.6005910114853513,-0.8865296662948567,-0.1459757837244506,0.0116232376031995,0.160190570901121,0.0916561302431049,0.0801115506063227,0.0606894446990848,-0.1091021342803883,1.0739953840636713e-07,-7.518799398803472e-09,-1.2538801950824277e-07,1.2806214248397426e-07,1.3910178165825328e-07,1.244194949903935e-07,-4.3421301198428164e-08,-1.6379460195335088e-07,2.335544323011127e-12,5.241611451377618e-13,-1.6043467267451894e-12,3.095327326433132e-12,2.8550231978275457e-12,2.324880500361376e-12,-7.624549727385552e-13,-3.944958689235936e-12,0.7423568343435482,-1.3717231985752028,-1.2459097735450524,1.0329214131860638,1.2501879188150309,1.4059896055991934,-0.0013548012455229,-0.6503551661856567,0.0,0.0,0.0,0.0,0.0,0.0,0.0,0.0,0.0,0.0,0.0,0.0,0.0,0.0,0.0,0.0
2026-08-02,c1b75f97,临海城建,SKIPPED,,deep,,,,,,,,,,,,,,,,,,,,,,,,,,0.0249508566015842,-0.0131048137078459,0.0282524085011737,0.8679497689874647,-0.8871136230074574,-0.141840705455702,0.0208910948742726,0.1513161073143097,0.082411970836875,0.0719619921358755,0.0585033422093777,-0.1060102513359246,-6.7587582476932565e-09,4.7859702184590526e-08,1.0726686656334637e-07,-1.0271369892142733e-07,-1.0699258572025283e-07,-9.432359340795446e-08,-2.5302112149387048e-08,3.5785682227589036e-08,-1.3212765816442174e-12,6.409548794374305e-13,2.692764885087837e-12,-2.6710166829328884e-12,-2.848314437251228e-12,-2.531748708314212e-12,2.0971283621575365e-13,2.3099569928349525e-12,0.5663711151317172,-0.2392765174588443,0.6294346216307327,-0.2037701394988968,-0.4248183044067009,-0.439990517265162,-0.3133829250229077,-0.1399521390478332,0.0,0.0,0.0,0.0,0.0,0.0,0.0,0.0,0.0,0.0,0.0,0.0,0.0,0.0,0.0,0.0
2026-08-03,7f644141,财经快讯,SKIPPED,,deep,,,,,,,,,,,,,,,,,,,,,,,,,,0.0280332311179466,-0.0352414633363815,0.0190196595821847,0.9026569564098028,-0.8874691744815214,-0.1439808029375883,0.0165490664827343,0.15394548046074,0.0926496965511832,0.0759287395479135,0.0592124961002924,-0.1018675706710289,-4.115179097962549e-09,-2.4769646781092265e-08,-5.0254958235397546e-08,3.043255956516586e-08,1.1849219576745569e-07,4.591142838006953e-08,8.207799663364505e-09,4.7947692880737316e-08,3.0596980899660955e-14,-8.406174648805878e-13,-1.82316926850398e-12,1.5410446584096437e-12,2.609777563515145e-12,1.6230905299539817e-12,3.878462015364763e-13,1.407640121892162e-13,0.4463045722608753,-0.8043055181639278,-0.2403306955225967,0.1580360009632307,1.2979218502607772,0.4552936920224713,-0.2320251282068828,0.550671226804694,0.0,0.0,0.0,0.0,0.0,0.0,0.0,0.0,0.0,0.0,0.0,0.0,0.0,0.0,0.0,0.0
2026-08-04,05b0fe93,临海日报,SKIPPED,,deep,,,,,,,,,,,,,,,,,,,,,,,,,,0.0194481128681969,0.0189495929158622,0.0181392537168386,0.9985144723627,-0.8889435720910538,-0.1381466476843905,0.0201121497869234,0.1575306216522242,0.0802681272017717,0.076068377381076,0.0618444682955817,-0.1063986516957082,-1.706478714736557e-08,6.752494506016008e-08,4.1239390094780924e-08,4.149468971625236e-08,-1.4330520080337428e-07,1.616178624565918e-09,3.0462641149181985e-08,-5.244306741526976e-08,-1.498797227940165e-13,1.0682244426070874e-12,1.0589623649326212e-12,1.2803391378572334e-13,-3.030062460310532e-12,-5.126765017998103e-13,2.5757918386362813e-13,-1.1619300960186005e-12,0.130852180403421,0.6821214692336909,0.4559378828362969,0.5787914406730319,-0.9808729050627264,0.4785087360110703,0.2545975968346958,-0.1334705408153546,0.0,0.0,0.0,0.0,0.0,0.0,0.0,0.0,0.0,0.0,0.0,0.0,0.0,0.0,0.0,0.0
2026-08-05,7cda8c4f,财经周报,SKIPPED,,deep,,,,,,,,,,,,,,,,,,,,,,,,,,0.0328980786731644,-0.0167171937278233,0.0091965357470881,0.6377461387874157,-0.8931978235041522,-0.1375087346554053,0.0183817548466119,0.148124779634803,0.084484363074674,0.0704230262067637,0.0606684310245595,-0.106504142456283,-4.923902098493554e-08,7.383252650291265e-09,-2.0027719216567867e-08,-1.0886391223867197e-07,4.879902630673964e-08,-6.533971266565058e-08,-1.3611542488683062e-08,-1.220957877023278e-09,-3.723869657126154e-13,-6.960844028920002e-13,-7.091100614739444e-13,-1.7402615967005129e-12,2.2234285545152077e-12,-7.74952445488617e-13,-5.101178661789935e-13,5.92848490026001e-13,-0.6057330000011797,0.7666364874037753,0.0077971388782496,-0.7360826707737601,-0.1453465504974079,-0.772265558735346,-0.0123167283357471,-0.1708438962635298,0.0,0.0,0.0,0.0,0.0,0.0,0.0,0.0,0.0,0.0,0.0,0.0,0.0,0.0,0.0,0.0
2026-08-06,f5388cc4,海关通讯,SKIPPED,,deep,,,,,,,,,,,,,,,,,,,,,,,,,,0.008880026203338,0.0208345082276197,0.0010170116664648,0.4030285049959951,-0.8913683805439484,-0.1429658167929619,0.01130501060836,0.1560548023441001,0.0885630068657746,0.0704379258947794,0.0681923743511395,-0.1070261540223752,2.1174108335692362e-08,-6.316067288838568e-08,-8.190676201680408e-08,9.178267024649489e-08,4.7206525359961075e-08,1.7245009277332726e-10,8.708267739097179e-08,-6.041800533474419e-09,8.149667745443044e-13,-8.164806196606128e-13,-7.161926250027338e-13,2.322298408393135e-12,-1.8431723921048228e-14,7.582426245187954e-13,1.1654423597182274e-12,-5.579679000522154e-14,-0.2316089979070286,-0.6704318167259795,-1.4748593320557295,0.3962025749957499,0.6385045464682341,-0.7814680329577842,1.4159410977847966,-0.2894147030920643,0.0,0.0,0.0,0.0,0.0,0.0,0.0,0.0,0.0,0.0,0.0,0.0,0.0,0.0,0.0,0.0
2026-08-07,a92d5e05,统计公报,SKIPPED,,deep,,,,,,,,,,,,,,,,,,,,,,,,,,0.045268194439745,-0.0312651087061029,0.0254137433572424,0.8952270042589359,-0.8927432293605634,-0.1443758388738663,0.0063136612605062,0.1519427648301206,0.0853241339626467,0.0736787072898166,0.0563089151771237,-0.0935497217211668,-1.5912602044154885e-08,-1.631970001046797e-08,-5.777024708164192e-08,-4.7593026782170906e-08,-3.748695489731441e-08,3.7509043924042264e-08,-1.3754003673629342e-07,1.5597722570843058e-07,-4.2924433310008377e-13,5.421408897907143e-13,2.793578117495619e-13,-1.6131446415354838e-12,-9.802486140888366e-13,4.321365026767237e-13,-2.5997999320285325e-12,1.87522021113316e-12,-0.6955863226884661,-0.9460248703220006,-2.1164537000305144,-0.3801302401379123,-0.0966373974847762,-0.0593060769909142,-0.8607000034046973,1.8614484399476805,0.0,0.0,0.0,0.0,0.0,0.0,0.0,0.0,0.0,0.0,0.0,0.0,0.0,0.0,0.0,0.0
2026-08-08,c9310372,临海发改,SKIPPED,,deep,,,,,,,,,,,,,,,,,,,,,,,,,,0.0205655614506829,0.0007603034412438,0.008835020299641,0.4015030037359194,-0.8964973164377821,-0.137520119036902,0.0143929775209813,0.1421187986063329,0.0765822284359798,0.0768651972004754,0.0724957722901462,-0.1054767031331776,-4.34500819122534e-08,7.934860922412369e-08,9.351060486661069e-08,-1.137033127753203e-07,-1.0117946211420007e-07,3.6880670262254455e-08,1.8734788325257442e-07,-1.3804376634271812e-07,-3.1872083180669574e-13,1.1072720976225884e-12,1.750935786438109e-12,-7.651653471429326e-13,-7.37181796491732e-13,-7.272843307729186e-15,3.760276851723008e-12,-3.4030207413327395e-12,-1.3875348596046653,0.8640620974780453,-0.5115365732065732,-1.9033473366259217,-1.731934373217763,0.7731959627070689,1.9834291156362769,-0.0848925341381927,0.0,0.0,0.0,0.0,0.0,0.0,0.0,0.0,0.0,0.0,0.0,0.0,0.0,0.0,0.0,0.0
2026-08-09,c088d0cf,临海商务,SKIPPED,,deep,,,,,,,,,,,,,,,,,,,,,,,,,,0.0223430736141395,0.0059105559783807,0.0248554551792903,0.7304926612999035,-0.8872592919892223,-0.142464965670425,0.018999785720281,0.1558286792345467,0.0892659110559598,0.0774739576024923,0.0609937499181776,-0.1033030925717335,1.0692157926573857e-07,-5.723202122133055e-08,5.33195393437466e-08,1.5867917393765968e-07,1.4680188217569524e-07,7.045837986307261e-09,-1.3312525893482164e-07,2.5157529646343338e-08,1.7404127451156477e-12,-1.5807943338594239e-12,-4.651743694775935e-13,3.152575077696527e-12,2.870154447799714e-12,-3.453105587493889e-13,-3.709179886428194e-12,1.8889038887622853e-12,0.7158805161888907,-0.4587517848661768,0.3224607974978526,0.5055272097252097,0.8324092541098105,0.9647876989683384,-0.0995010962926299,0.2657044250039955,0.0,0.0,0.0,0.0,0.0,0.0,0.0,0.0,0.0,0.0,0.0,0.0,0.0,0.0,0.0,0.0
