time_step,text_hash,source_label,trace_status,trace_error,trace_mode,ate,ate_ci_lower,ate_ci_upper,ci_width,refuted_count,identifiable,concept_count,edge_count,adj_density,max_delta_nll,signal_type,max_delta_nll_concept_level,concept_level_edge_count,concept_coverage,condition_number,unk_rate,ccm_coverage_pct,ccm_verdict,refutations_attempted,ccm_algorithm_run,edm_rho_high,edm_rho_mid,havok_status,havok_linear_pct,causallearn_consensus,edge_stability_mean,permutation_p_value,total_ms,consensus_score,consensus_direction,z_pca_1,z_pca_2,z_pca_3,secular_entropy,z_福音,z_吉祥,z_奥美,z_存在,z_自孕,z_弥赛亚,z_Alice,z_觉爱,dz_福音,dz_吉祥,dz_奥美,dz_存在,dz_自孕,dz_弥赛亚,dz_Alice,dz_觉爱,d2z_福音,d2z_吉祥,d2z_奥美,d2z_存在,d2z_自孕,d2z_弥赛亚,d2z_Alice,d2z_觉爱,z_福音_zscore,z_吉祥_zscore,z_奥美_zscore,z_存在_zscore,z_自孕_zscore,z_弥赛亚_zscore,z_Alice_zscore,z_觉爱_zscore,dz_福音_zscore,dz_吉祥_zscore,dz_奥美_zscore,dz_存在_zscore,dz_自孕_zscore,dz_弥赛亚_zscore,dz_Alice_zscore,dz_觉爱_zscore,d2z_福音_zscore,d2z_吉祥_zscore,d2z_奥美_zscore,d2z_存在_zscore,d2z_自孕_zscore,d2z_弥赛亚_zscore,d2z_Alice_zscore,d2z_觉爱_zscore
2026-07-20 04:22,replay:f6401fb4,,,,,-0.2773250284299138,-0.2963191146581681,-0.2583309422016595,0.03798817245650865,0,0,12,12,0.5,8.0,unknown,,,0.0,0,0.5385,11023194846674.63,0.0,0.0,N/A,0,0,0,0,unavailable,-1.0,0,0.0,1.0,2151,0.7226749715700862,negative,0.0001407987651629184,-0.03617493962317388,0.0026302359930011053,0.030059865782578354,-0.8934403593988895,-0.1297556889434385,0.0248070416634954,0.15317245102074173,0.0877930188801508,0.07571019843137276,0.06271102741228064,-0.11305881777557651,,,,,,,,,,,,,,,,,-0.6643590503012948,-0.5778975263433372,0.6396806646878597,0.6407326097705623,0.5896134075494193,0.54186076423615,0.6080957116680935,-0.6967118614935213,,,,,,,,,,,,,,
2026-07-20 13:12,replay:e0182399,,,,,0.0,0.0,0.0,0.0,0,0,0,0,0.0,0.0,unknown,,,0.0,0,0.0,0.0,0.0,0.0,N/A,0,0,0,0,unavailable,-1.0,0,0.0,1.0,0,0.0,ambiguous,0.11928707623923913,0.035989085537651656,0.030326741185476663,0.44294688680265304,-0.8450264397709953,-0.14421782333036234,0.024157788737201324,0.197304030642232,0.11985274441067008,0.07279916930152706,0.06970564771271363,-0.13280497516615672,1.5224503027639688e-06,-4.547841002177309e-07,-2.0416758688492946e-08,1.3877855226883736e-06,1.0081674695131848e-06,-9.154179653602827e-08,2.1995661322116323e-07,-6.209483456157298e-07,,,,,,,,,-0.5533937561026716,-0.7743855731683422,0.5385642350127506,1.1332640581678783,1.138420948704486,0.4747842918088063,0.8050856300376472,-0.9758017877075774,0.3970785829708257,0.16545972943111847,0.012663334295624093,0.22785604735667758,-0.033323691265218065,0.01459497990687805,0.2511274720547554,0.06933917022461134,,,,,,
2026-07-20 22:03,replay:ccce6b7b,,,,,1.1322839136393128,1.0946463188669888,1.1699215084116368,0.07527518954464796,0,0,12,12,0.5,8.0,unknown,,,0.0,0,0.6364,72760028.81,0.0,0.0,N/A,0,0,0,0,unavailable,-1.0,0,0.0,1.0,2202,0.0,positive,0.014462760088310609,-0.028811627746049225,0.009365867285407907,0.6704050574842928,-0.8865733681228816,-0.13607132202376002,0.01864585045395301,0.16008232911600542,0.09606342513389426,0.07946885209867587,0.06719617508670854,-0.10792009715732265,-1.3040467153762155e-06,2.556968395041534e-07,-1.7300496808688999e-07,-1.1682894389901628e-06,-7.4668296537275e-07,2.0934346507058385e-07,-7.876561914642479e-08,7.810696173519796e-07,-8.879978065159234e-11,2.2321110264589514e-11,-4.793848865799467e-12,-8.030395732574729e-11,-5.513196465240135e-11,9.452882865429221e-12,-9.38492718716896e-12,4.40470613561957e-11,-0.6637949048663717,-0.6428978847822593,-0.03717878576846339,0.634503811122502,0.6627161794639028,0.694148335960986,0.7144503476501983,-0.5445443239980325,0.39658406111267946,0.1655211356036115,0.012655159472005314,0.22736920379027403,-0.03352270848383126,0.014609207939093108,0.25110162746342096,0.06941124402808861,0.15400443373020004,0.24432928288669784,-0.08723066276186262,0.25011707475441314,-0.39846747195907967,0.12113572584432067
2026-07-21 06:53,replay:be248772,,,,,-0.5041412230894077,-0.5562647616752012,-0.45201768450361407,0.10424707717158715,0,0,12,12,0.3889,8.0,unknown,,,0.0,0,0.6883,1479164.02,0.0,0.0,N/A,0,0,0,0,unavailable,-1.0,0,0.0,1.0,2264,0.4958587769105923,negative,-0.09377318786875598,0.025499267590315667,-0.01923583103391236,0.3657222906869011,-0.9096082145033961,-0.1383791215738174,-0.007526734345221975,0.13081817067223933,0.060540513834097046,0.08408464808373242,0.05713071627702498,-0.10917516232744091,-7.24366238380961e-07,-7.257231289488641e-08,-8.230372578356913e-07,-9.202565548354117e-07,-1.1170726823835603e-06,1.4515081714014327e-07,-3.165238619397347e-07,-3.9467458179819694e-08,1.8211764907171047e-11,-1.0313199886868984e-11,-2.0422000934615183e-11,7.792424887048415e-12,-1.1636497549821247e-11,-2.016734147987452e-12,-7.469627483295943e-12,-2.5778733130122505e-11,-0.7127690163927269,-0.6816925400253024,-2.1331790044057857,0.3152733829969892,0.056884023008910704,0.805148593305497,0.4542746997213693,-0.5979044972020879,0.39668473005159005,0.16549437813036552,0.01259201187070265,0.22741387682801675,-0.033565169652384166,0.014605482926502707,0.2510811079023436,0.06936884106580617,0.1540044614010133,0.24432928074310153,-0.08723066373142088,0.25011708325417337,-0.3984674665664993,0.12113572555907176
2026-07-21 15:44,replay:bd48fe0d,,,,,0.5035147502822723,0.4526895510232426,0.5543399495413021,0.10165039851805946,0,0,12,12,0.3542,8.0,unknown,,,0.0,0,0.3947,5473603.82,0.0,0.0,N/A,0,0,0,0,unavailable,-1.0,0,0.0,1.0,2202,0.4964852497177277,positive,-0.2222429130015199,-0.01071845793793675,0.0541613287499665,0.21037561830546336,-0.9580774286559763,-0.09237401626793831,-0.020884757354297845,0.11348058884869203,0.012407652765909393,0.018658715236596957,-0.01677802311576387,-0.07822109063371047,-1.5213187116315193e-06,1.4439769399208753e-06,-4.1927253638028466e-07,-5.441802204503234e-07,-1.5107614898991729e-06,-2.053544659357673e-06,-2.3197972188571513e-06,9.715653387862664e-07,-2.5037777984623257e-11,4.764527969889292e-11,1.2685036803500053e-11,1.1815153452249083e-11,-1.2368482799736493e-11,-6.907620095814692e-11,-6.293664332131375e-11,3.176351859774069e-11,-0.823085130442523,-0.02574534591806194,-2.5249926320144818,0.11650804876550924,-0.7599278031965738,-0.9097281774997846,-1.3481671969629492,-0.0980270456506997,0.39654466163707314,0.1656255034663112,0.012631350870360849,0.22748501505050536,-0.033608681001626506,0.014494828073603912,0.2508932049732373,0.06942242673807372,0.15400445122612616,0.24432928407465326,-0.08723066132071268,0.2501170839511658,-0.39846746658679116,0.12113572106020379
2026-07-22 00:34,replay:7d231399,,,,,4.666816678429996,3.733292768945198,5.600340587914793,1.8670478189695956,0,0,12,12,0.3958,8.0,unknown,,,0.0,0,0.6234,950395352.31,0.0,0.0,N/A,0,0,0,0,unavailable,-1.0,0,0.0,1.0,2258,0.0,positive,-0.12311560159779145,0.06112287874022388,0.04758016579352349,0.7138531939027909,-0.9200080030932279,-0.13054108320898758,-0.018434922422032398,0.11475625099199636,0.06389675230221004,0.09397784211360771,0.04871655623561326,-0.09545583864802852,1.1971517472562388e-06,-1.2002222308506059e-06,7.703883434797003e-08,4.011516173913011e-08,1.6191540734685736e-06,2.368526002421722e-06,2.059577967024438e-06,-5.419732079974231e-07,8.540592079446302e-11,-8.307254699250647e-11,1.559256584128981e-11,1.8356750932750662e-11,9.83322514410225e-11,1.389277619157837e-10,1.3758640232113068e-10,-4.755069264164906e-11,-0.7228864848290479,-0.603995930766872,-1.984663300973016,0.1563961570061249,0.21352187816196067,1.087380240829291,0.36848968696884726,-0.4031741284263618,0.39706287936503737,0.1653881681496717,0.01268552525943963,0.22763037678467435,-0.03323111343666825,0.014723202968075623,0.25131352460031037,0.06933673007619412,0.1540044763808306,0.2443292767538732,-0.08723066134273556,0.2501170838666606,-0.39846745567233915,0.12113573438972035
2026-07-22 09:25,replay:71d65db2,,,,,0.0,0.0,0.0,0.0,0,0,0,0,0.0,0.0,unknown,,,0.0,0,0.0,0.0,0.0,0.0,N/A,0,0,0,0,unavailable,-1.0,0,0.0,1.0,0,0.0,ambiguous,0.09750887142160572,0.02881911462136145,0.02845021720146108,0.4729750262127302,-0.85495710315115,-0.14440301068452788,0.02191974220467005,0.19003724107715447,0.11250890362690878,0.07854144058817611,0.06750780336607218,-0.12296550372758763,2.0417733817350255e-06,-4.3508874687822654e-07,1.2666247528782943e-06,2.362868489804084e-06,1.5258051263245056e-06,-4.845072669626994e-07,5.898068779177313e-07,-8.634546478204366e-07,2.6535395365340455e-11,2.403812390739489e-11,3.737310457211198e-11,7.2973714359565e-11,-2.932734751620108e-12,-8.963346746416656e-11,-4.617565470017929e-11,-1.0099950984072056e-11,-0.5683633307499373,-0.8004811609815715,0.500327406641163,1.0528630137549237,1.05863790849253,0.657923311395173,0.8404691650719193,-0.8462969886099418,0.397184535908544,0.16546161383466704,0.01279989955187504,0.22806739802511747,-0.03325454169867111,0.014572027721114657,0.25116866620215206,0.06932520568094212,0.1540044616322233,0.2443292829121269,-0.08723065999824664,0.2501170887937532,-0.3984674666245485,0.12113571964345045
2026-07-22 18:15,replay:61b25357,,,,,-0.4456190426571993,-0.46052759101563073,-0.4307104942987679,0.029817096716862834,0,0,12,12,0.5069,8.0,unknown,,,0.0,0,0.5714,11999999999414.15,0.0,0.0,N/A,0,0,0,0,unavailable,-1.0,0,0.0,1.0,2238,0.5543809573428007,negative,-0.017898851255619536,-0.03081935062714438,0.02449231130284918,0.9202985293649156,-0.9020482665089297,-0.12556747430695459,0.013269428644231253,0.1422564829666248,0.08980961710593491,0.07964624664850826,0.07465279924972003,-0.09616173840663238,-1.480854193640869e-06,5.923124647035626e-07,-2.7202243900750935e-07,-1.5025395632242035e-06,-7.13814041540059e-07,3.474232894126276e-08,2.2468540514615883e-07,8.42885701916832e-07,-1.1067004635174032e-10,3.227776348042065e-11,-4.833952849154268e-11,-1.2143914712624214e-10,-7.036189657130268e-11,1.63132138204198e-11,-1.1470985635299166e-11,5.360792804703955e-11,-0.6829101511949931,-0.5296775695097482,0.0005922416296529796,0.4690766816213447,0.6410127871299025,0.6762041091126445,0.9916926897231568,-0.4136744247069929,0.3965442202600771,0.1655514376421758,0.01264624458952412,0.22729343870436533,-0.03352234255541227,0.014599287641138601,0.25112947957416587,0.06941438454964048,0.15400442970054057,0.24432928324750358,-0.08723066566790355,0.250117071333487,-0.39846747306103103,0.12113572646473746
2026-07-23 03:06,replay:557ef729,,,,,-0.7615729104108766,-0.8355955384743294,-0.6875502823474238,0.14804525612690567,0,0,12,12,0.4167,8.0,unknown,,,0.0,0,0.5926,1343066568.48,0.0,0.0,N/A,0,0,0,0,unavailable,-1.0,0,0.0,1.0,2147,0.2384270895891234,negative,-0.13346100744263983,0.0568021704707339,0.06462433643221593,0.7340300465744573,-0.9223167645061919,-0.12618687019618816,-0.010255975293290415,0.10694212892875198,0.06389779861604421,0.09639068324648523,0.054522111234644295,-0.08429431914251585,-6.361738228895878e-07,-1.9441176686552747e-08,-7.383993702925822e-07,-1.1084229139319781e-06,-8.133025263619178e-07,5.255629817318569e-07,-6.318483369452522e-07,3.724864803551954e-07,2.6537240677074495e-11,-1.9219404379205637e-11,-1.4652118482094652e-11,1.2381924263029388e-11,-3.125620006970117e-12,1.5420064492321523e-11,-2.6909636886315144e-11,-1.4778486382709287e-11,-0.7291077923425325,-0.5447996043411485,-1.3097907411094238,0.05386826779582472,0.18627598928545033,1.052617604130969,0.47903688135643735,-0.231781047519249,0.3967080129230438,0.16549613646122482,0.012602623664914941,0.2273841419619434,-0.033531449297584226,0.01462380515756117,0.25104788495837105,0.06938801726602965,0.15400446242005741,0.24432928036974555,-0.08723066334171457,0.2501170835027811,-0.39846746611706785,0.12113572642382442
2026-07-23 11:56,replay:296487f3,,,,,0.0,0.0,0.0,0.0,0,0,0,0,0.0,0.0,unknown,,,0.0,0,0.0,0.0,0.0,0.0,N/A,0,0,0,0,unavailable,-1.0,0,0.0,1.0,0,0.0,ambiguous,0.08784784109350618,0.04537763293129923,0.03806434554529403,0.7581922471403761,-0.8619416454880415,-0.14250216336341706,0.01615851198476024,0.18288656180450044,0.10496474602564763,0.07603159507448368,0.06086159327829133,-0.13652614070795654,1.8985886483695095e-06,-5.130595335606574e-07,8.306442540267501e-07,2.3881897130738512e-06,1.2914134405535668e-06,-6.402228984906148e-07,1.993547812467622e-07,-1.6425101121207765e-06,7.963438489661004e-11,-1.5507959688159115e-11,4.929449023937582e-11,1.0985273726062925e-10,6.612365588801397e-11,-3.662538109401419e-11,2.6113827150236078e-11,-6.33049510674198e-11,-0.5851917921654999,-0.7865316935284486,0.3124927362063345,0.9617634722621694,0.8956308380331457,0.5203770224805935,0.6507466934507493,-1.0552101588691682,0.3971659054445269,0.1654532987881923,0.012757708993500313,0.22807811003821168,-0.03328239437168453,0.014563662990332293,0.25112875773523224,0.06928250788869024,0.1540044754416318,0.24432928057999198,-0.0872306590080956,0.2501170925577103,-0.39846745896805197,0.12113572309009009
2026-07-23 20:47,replay:15c2b110,,,,,-0.7581233198288828,-0.7903248510014002,-0.7259217886563655,0.06440306234503468,0,0,12,12,0.5069,8.0,unknown,,,0.0,0,0.6,11017344449309.89,0.0,0.0,N/A,0,0,0,0,unavailable,-1.0,0,0.0,1.0,2108,0.2418766801711172,negative,-0.022496851429565326,-0.02562625072020166,0.029635248918526848,0.9771400659649486,-0.9052687667903827,-0.13017330159979176,0.016935474509720022,0.1400382386983984,0.09000915627630884,0.0767638386851872,0.07637018728402466,-0.09393798980017064,-1.3599222003245817e-06,3.869699235287288e-07,2.4386771028241778e-08,-1.3448940083522297e-06,-4.694158741160951e-07,2.2983164177762805e-08,4.867731954090811e-07,1.3367279004327026e-06,-1.0237231695551653e-10,2.8276137514589577e-11,-2.5330112566714054e-11,-1.1728192652925168e-10,-5.531980253439089e-11,2.08358800712654e-11,9.029796235071282e-12,9.359842954927675e-11,-0.6887349194330888,-0.6036179667499754,0.37193560635923945,0.4546917135206584,0.6430933139659154,0.5421128250345356,1.0166173378432153,-0.3738278445140657,0.3965644774859227,0.16553403541599837,0.012675672467145356,0.22732303118505398,-0.0334942753467287,0.014598643717300285,0.2511536092944917,0.06944215037713804,0.15400443089995802,0.24432928308806737,-0.08723066417965475,0.25011707129196925,-0.39846747180084063,0.12113572681954983
2026-07-24 05:37,replay:fd6a512c,,,,,-0.5412751993340912,-0.6041587729116562,-0.4783916257565261,0.1257671471551301,0,0,12,12,0.3889,8.0,unknown,,,0.0,0,0.549,54558473.68,0.0,0.0,N/A,0,0,0,0,unavailable,-1.0,0,0.0,1.0,2560,0.4587248006659088,negative,0.010905824807469603,-0.026728368875993034,0.015651290964167494,0.7760713013246908,-0.89002732032163,-0.13611465542598677,0.023540746329463534,0.15095374692302446,0.08717296606103984,0.07192776485555327,0.06321396274897526,-0.11383146816322741,4.792907694576319e-07,-1.868350259809752e-07,2.0771295030639975e-07,3.4325497561717166e-07,-8.91883715493396e-08,-1.520777933847147e-07,-4.1371775267450946e-07,-6.255810805992695e-07,5.778237416846414e-11,-1.8027174034235123e-11,5.759540662210429e-12,5.303641168612634e-11,1.1945570297416133e-11,-5.499872999135329e-12,-2.8290636132063794e-11,-6.164966952660925e-11,-0.6485962685154656,-0.6969664057291863,0.775906472604095,0.6001419530480147,0.609032409108406,0.42947870751912276,0.6810748129310275,-0.6959016476764066,0.39690622639543394,0.1654816766918161,0.012693798653421393,0.22766933622333774,-0.03344765793836548,0.01458973147691026,0.25106914639695455,0.06933682557310784,0.1540044704366913,0.24432928041145693,-0.08723066201428942,0.2501170874069295,-0.398467464483719,0.12113572512944416
2026-07-24 14:28,replay:f96a70c4,,,,,0.01527161046396941,-0.021964270081104326,0.052507491009043145,0.07447176109014747,0,0,12,12,0.5,8.0,unknown,,,0.0,0,0.4912,9804424529618.74,0.0,0.0,N/A,0,0,0,0,unavailable,-1.0,0,0.0,1.0,2334,0.9847283895360306,ambiguous,-0.00936643235581712,-0.039432860715524806,-0.004813883447968401,0.25378446237181107,-0.8952075410562503,-0.13433516518106303,0.023189738632597424,0.1444236016982609,0.07679354827713171,0.06811264609248757,0.058405414692440955,-0.10975596470300875,-1.6259324339674583e-07,5.585342890532777e-08,-1.1017190736538303e-08,-2.0496375470067658e-07,-3.257821024453275e-07,-1.1974635163420276e-07,-1.509274342917232e-07,1.2791912932261967e-07,-2.0166007315563234e-11,7.624519474907413e-12,-6.871823469774994e-12,-1.722333428582621e-11,-7.433042126798239e-12,1.0157537464816821e-12,8.256057756292372e-12,2.36726424731979e-11,-0.6598521349793804,-0.669540047510261,0.7139332523138435,0.5328293050674568,0.4478989581202362,0.34858737656863514,0.564484571850666,-0.6337162505430757,0.39679202175350775,0.16550444101412323,0.012670611776624702,0.22756286344273294,-0.03347007524382717,0.014592558059250195,0.2510952406341162,0.06937661371858007,0.1540044509219154,0.24432928191565248,-0.08723066288185678,0.2501170806922106,-0.3984674666253903,0.12113572552149572
2026-07-24 23:18,replay:e34b20f4,,,,,-1.2624586056917906,-1.872842457726826,-0.6520747536567553,1.2207677040700706,0,0,12,12,0.5833,8.0,unknown,,,0.0,0,0.5926,10000745363543.37,0.0,0.0,N/A,0,0,0,0,unavailable,-1.0,0,0.0,1.0,2425,0.0,negative,0.006715476529058569,-0.03480650135597839,-0.010918670408350654,0.39684093067774345,-0.8880468535443031,-0.13657916425143565,0.02398533102677781,0.1491812249034619,0.08549469455752888,0.07374280200609973,0.060197868722372254,-0.10916120403695967,2.2517885257695615e-07,-7.056600850228368e-08,2.5018628747810927e-08,1.4961079261638314e-07,2.736209522137475e-07,1.7704892810101118e-07,5.6366478928657214e-08,1.8703165599027572e-08,1.2182598051325855e-11,-3.971707113025808e-12,1.13213381980362e-12,1.1139633908798609e-11,1.8831387202609962e-11,9.324388304593589e-12,6.51253261766825e-12,-3.4312272611873106e-12,-0.6358084891155473,-0.7098725830297735,0.7312561100586529,0.6371749842636368,0.6523406249992805,0.5085232711399416,0.625293262639484,-0.6527670714491539,0.3968643550343259,0.16549224993329756,0.012674598048142515,0.22763465945464748,-0.033399282990755175,0.014607983799048744,0.25111505473280704,0.06937102248961391,0.15400445908098515,0.24432928121117456,-0.08723066230876025,0.2501170834461476,-0.39846746386540655,0.12113572605702635
2026-07-25 08:09,replay:e06c9275,,,,,0.04441126819801866,-0.05487831867760526,0.14370085507364258,0.19857917375124784,0,0,12,12,0.5278,8.0,unknown,,,0.0,0,0.569,11004600157638.34,0.0,0.0,N/A,0,0,0,0,unavailable,-1.0,0,0.0,1.0,3469,0.9555887318019813,ambiguous,-0.02608408596314914,-0.04232091433320541,-0.01874572559720364,0.810995439578044,-0.900325839782304,-0.13203378123351722,0.02321827020127143,0.14066417845955337,0.0792009853214598,0.06880071403733921,0.0551289831102328,-0.1025296149432632,-3.8540446446958045e-07,1.426673891374272e-07,-2.4075983223678026e-08,-2.673272581264445e-07,-1.9754266277680714e-07,-1.5511889418582906e-07,-1.5909873233331614e-07,2.0814780582851458e-07,-1.9182636413651794e-11,6.699132819343729e-12,-1.542400627442317e-12,-1.3098902002602187e-11,-1.4802501256379347e-11,-1.0435684017808363e-11,-6.769249489851504e-12,5.951763752104524e-12,-0.5888099952698228,-0.5652620552488824,0.7045707337855537,0.45136108658896584,0.46789573637081955,0.33735337991648506,0.4276205684482566,-0.46328836110059807,0.3967505984068185,0.16551182475693035,0.012668143900879296,0.2275509838809832,-0.03345520363687092,0.014590683483839859,0.25109467015599535,0.06938024776527592,0.15400445158338055,0.24432928185865785,-0.08723066252681341,0.2501170811982702,-0.39846746726937826,0.12113572481573656
2026-07-25 16:59,replay:cb9e23ba,,,,,2.133244010628914,2.044149815621956,2.222338205635872,0.17818839001391584,0,0,12,12,0.4861,8.0,unknown,,,0.0,0,0.6383,10010601988472.47,0.0,0.0,N/A,0,0,0,0,unavailable,-1.0,0,0.0,1.0,2400,0.0,positive,-0.002967219822000391,-0.01663985102859685,0.013129254764598017,0.6808904395842154,-0.895890424627832,-0.1390477244668409,0.026851468844879753,0.15038822235984048,0.079038657498006,0.06928759177189868,0.06610929368427529,-0.10081171404477728,1.3947846397710657e-07,-2.2056425262024178e-07,1.1425152967321772e-07,3.0578754403418585e-07,-5.1046485362832995e-09,1.531062058363099e-08,3.45292785347248e-07,5.402204083289053e-08,1.6490195678501006e-11,-1.1411612998984259e-11,4.3458219571754865e-12,1.8005491742401204e-11,6.0458062909369725e-12,5.354367413429471e-12,1.5846419028607104e-11,-4.8421540997682705e-12,-0.4998285824947501,-0.6012018832850162,0.9716528628215556,0.5067835595175487,0.3874715514958194,0.3019175369206351,0.6378036092165733,-0.3630593865967425,0.396859694093647,0.16547858000859803,0.012682157364803211,0.22767697249059177,-0.03342901269525162,0.014599981418496714,0.2511436011254822,0.0693701516508746,0.15400446021073028,0.2443292807889771,-0.08723066209588151,0.25011708403932287,-0.39846746519970033,0.12113572581145345
2026-07-26 01:50,replay:bf0161c0,,,,,-0.7669379439830664,-0.8585625268014068,-0.675313361164726,0.1832491656366808,0,0,12,12,0.4514,8.0,unknown,,,0.0,0,0.6327,10673258443580.96,0.0,0.0,N/A,0,0,0,0,unavailable,-1.0,0,0.0,1.0,2176,0.23306205601693364,negative,0.02947808467313797,-0.03504861764626936,0.02077635460699437,0.9280484923711807,-0.8824584788547837,-0.13259345046346838,0.020255971263079396,0.16189316309008697,0.1015774483214192,0.07856785259098004,0.0630669565072991,-0.1126600708285961,4.2159277379310395e-07,2.0258236043228294e-07,-2.0701499001256613e-07,3.6110925079241977e-07,7.074322292345638e-07,2.912825115844745e-07,-9.549080907018801e-08,-3.718881601951921e-07,8.863157707068721e-12,1.3293955798068638e-11,-1.0093198859119819e-11,1.7380366559294352e-12,2.2385701469395135e-11,8.670181935307682e-12,-1.384805511836117e-11,-1.3380779171476047e-11,-0.37937286649474805,-0.40951135776816094,0.5699172326038175,0.6041331216252666,0.7735546904099476,0.4795559876204549,0.4944000741159176,-0.5105198903954886,0.3073425180459296,0.3719370249638753,0.048039166418515286,0.38442974861959217,-0.3403099075457616,0.0011181675277379412,0.2501965362130136,-0.06540987500093456,0.15400445799315965,0.24432928223807127,-0.08723066311842484,0.2501170824484293,-0.3984674635647974,0.12113572600191054
2026-07-26 10:40,replay:afeab6f6,,,,,0.12495973102022617,0.023806001945721744,0.2261134600947306,0.20230745814900886,0,0,12,12,0.4861,8.0,unknown,,,0.0,0,0.5625,898540879711.68,0.0,0.0,N/A,0,0,0,0,unavailable,-1.0,0,0.0,1.0,2649,0.8750402689797738,positive,0.036612478519376844,-0.03088201000319192,-0.006708896510211622,0.6925805800531446,-0.876759521382672,-0.13953763947391976,0.023121275656509697,0.16362014667582236,0.10034571090227945,0.07895086491653543,0.0615588786251937,-0.10771775193087114,1.7921249912300905e-07,-2.183707235991e-07,9.010391174309124e-08,5.430765992878591e-08,-3.87338811050235e-08,1.2044412753314157e-08,-4.7423832770610036e-08,1.554188332617909e-07,-7.614837407166034e-12,-1.3225041911133613e-11,9.334555505989863e-12,-9.638755603632858e-12,-2.344222778321041e-11,-8.772796067582794e-12,1.5101154979446426e-12,1.6566352292082407e-11,-0.2668654763080304,-0.4910124554566888,0.696787230532358,0.5590322537353152,0.6921827129397213,0.4364202827519414,0.36266567995869564,-0.3282549629963924,0.19812370278814878,0.30498294048457286,-0.01415175807473032,0.2948211660470091,-0.2898966221560461,-0.3332800914443769,0.27618275571633893,-0.027573423232121846,0.15400445452899106,0.24432928067784082,-0.08723066174090356,0.2501170815920136,-0.39846746828277807,0.12113572488628951
2026-07-26 19:31,replay:98a18948,,,,,0.06378259643997808,-0.07229562600245648,0.19986081888241264,0.2721564448848691,0,0,12,12,0.5486,8.0,unknown,,,0.0,0,0.5849,2948003366392.1,0.0,0.0,N/A,0,0,0,0,unavailable,-1.0,0,0.0,1.0,2355,0.9362174035600219,positive,0.017780376458708815,-0.026628924901969532,0.028913230240564778,0.9359710018558449,-0.8863322502308144,-0.13378851364908434,0.013095782007723659,0.16087241516236853,0.10042929701347454,0.0794631482293988,0.06120486677676242,-0.11413099852755569,-3.004622990628506e-07,1.804496492415385e-07,-3.1467337252937976e-07,-8.624392697595223e-08,2.6235439797580478e-09,1.607920002709907e-08,-1.1111483001609476e-08,-2.0129462010937056e-07,-1.506989626722776e-11,1.2529700686165205e-11,-1.2716848390589727e-11,-4.415695472973237e-12,1.2993221829965929e-12,1.2676051755529104e-13,1.1408215447376866e-12,-1.1206831711315158e-11,-0.19023196153162358,-0.24560788245616427,-0.020991311880005623,0.4405923495396383,0.6629623801925936,0.38952508747096387,0.25716549823789625,-0.42940876020504654,0.1979661743833384,0.30513872683759774,-0.014235529124519707,0.295026351783182,-0.29001038690809944,-0.33325290912220357,0.2785200756490277,-0.02758790218465046,0.16471088514649976,0.1419167949994695,-0.16198782010021429,0.16422467602121574,-0.32372498377425696,-0.24023524168056828
2026-07-27 04:22,replay:de5f7add,,,,,0.14925270047672845,0.048891597266813094,0.24961380368664382,0.20072220641983074,0,0,10,12,0.39,8.0,unknown,,,0.0,0,0.6875,2090.06,0.0,0.0,N/A,0,0,0,0,unavailable,-1.0,0,0.0,1.0,2171,0.8507472995232715,positive,0.10685252104514038,0.0586381264992272,0.027986375722389358,0.648714708374431,-0.8510698333116817,-0.14220028880416388,0.016612892809800325,0.1950429106569246,0.1152874912136784,0.08215590013867552,0.06855376474587084,-0.13185847051103494,1.1067927469909816e-06,-2.640230745473805e-07,1.1039268054226823e-07,1.0725202603438822e-06,4.6635888889528745e-07,8.451826457240165e-08,2.3066220869769047e-07,-5.56417827478947e-07,4.416996378072292e-11,-1.3950807400782141e-11,1.3341684026103202e-11,3.6370501799115956e-11,1.455540944493187e-11,2.1481187867326608e-12,7.588628113600123e-12,-1.1146365579710498e-11,1.5585194472429875,-0.8192969904691176,0.20340616865485764,1.7063641587005538,1.2293401229396712,0.473822773515796,0.5144533873933297,-1.5710880507193383,0.229653509423426,0.22926967543704194,-0.22936327673236148,0.23007916712146906,-0.22927976142996953,-0.22937541363727904,0.22936384947889488,0.2293358185002407,0.16493221290333218,0.1419741561435534,-0.1619315512393459,0.16429633922906944,-0.3237848429924593,-0.23943129069420277
2026-07-27T23:47,a2f615cc,手动输入,OK,,light,0.0,0.0,0.0,0.0,0,0,0,0,0.0,0.0,unknown,0.0,0,0.0,0.0,0.0,0.0,N/A,0,0,0,0,unavailable,-1.0,0,0.0,1.0,0,0.0,ambiguous,-0.05377450974517617,0.07786946960517187,0.0218482935013342,0.7259150307356321,0.011511331195133359,-0.004335065599842161,0.02729925232614584,-0.02264945478879868,0.0014839548724559924,0.035271745605361345,-0.008226170004549276,0.03409845022285787,,,,,,,,,,,,,,,,,4.321905870836391,4.06924107540552,0.9178189464913723,-3.6473187013783988,-2.692113033648348,-2.20882949660156,-2.6971396231125753,3.937992154950163,,,,,,,,,,,,,,,,
2026-07-27T23:47,94016a01,手动输入,OK,,light,0.0,0.0,0.0,0.0,0,0,0,0,0.0,0.0,unknown,0.0,0,0.0,0.0,0.0,0.0,N/A,0,0,0,0,unavailable,-1.0,0,0.0,1.0,0,0.0,ambiguous,-0.09797184757872093,0.09030959980605051,0.055811058328038315,0.9177911893671249,-0.003208562462883882,0.023600747583826184,0.0341509986755779,-0.012721598317286406,-0.02692911478781907,0.03022239496187244,-0.008399831781790611,-0.011256561296567357,-0.014719893658017241,0.027935813183668345,0.006851746349432062,0.009927856471512272,-0.028413069660275063,-0.005049350643488906,-0.00017366177724133583,-0.04535501151942523,,,,,,,,,2.9612976044502277,3.2140681390066925,1.3037814887884713,-2.6424612492765456,-2.7520417190857254,-2.088376799526829,-2.2098665519079717,2.1672311396366344,-4.357540430746014,4.358183119901539,4.355981742644522,4.35688480181311,-4.358195117074736,-4.354940654112111,-4.245890788158194,-4.358458011911046,,,,,,,,
2026-07-27T23:47,ef3ee869,手动输入,OK,,light,0.0,0.0,0.0,0.0,0,0,0,0,0.0,0.0,unknown,0.0,0,0.0,0.0,0.0,0.0,N/A,0,0,0,0,unavailable,-1.0,0,0.0,1.0,0,0.0,ambiguous,-0.11226892614577105,0.02505088377945018,0.06278192837376992,0.6241978233626257,-0.01710908889404503,0.010187142622904039,0.0221499699736876,-0.02353140608163788,-0.021530739689937562,-0.03809155803972304,-0.05522415489938269,0.0003897862068739414,-0.013900526431161148,-0.013413604960922145,-0.0120010287018903,-0.010809807764351476,0.005398375097881509,-0.06831395300159548,-0.046824323117592076,0.011646347503441299,0.0008193672268560926,-0.04134941814459049,-0.01885277505132236,-0.020737664235863748,0.033811444758156575,-0.06326460235810658,-0.046650661340350744,0.05700135902286653,2.329376840995872,2.330064410088486,0.5034895162500979,-2.2884765371738567,-2.1479537362492156,-3.3696128639355165,-2.8397710259836892,2.058062945859686,-2.9025731837190514,-2.051535444253688,-3.8124355446560463,-3.2796475220070285,1.0289576085188785,-4.346688785564293,-4.358441861317774,1.2899430773466527,0.4318352693695626,-3.8993400436369354,-1.5193778620548626,-3.902005245751286,3.9537549625107538,-4.357951837064418,-4.351800635883886,2.385482181293856
2026-07-28T00:14,35cac6f5,手动输入,OK,,light,0.0,0.0,0.0,0.0,0,0,0,0,0.0,0.0,unknown,0.0,0,0.0,0.0,0.0,0.0,N/A,0,0,0,0,unavailable,-1.0,0,0.0,1.0,0,0.0,ambiguous,-0.10544002255260992,0.07531247826269552,0.06239677094816089,0.9128328445297649,-0.019545535217164636,0.03718493967282015,0.009351397929260985,0.002577162928568103,-0.039487215945281914,-0.030107787477564568,-0.0038417346058291692,0.004550821445887126,-1.5039792118022257e-06,1.666530682093587e-05,-7.900353113843591e-06,1.6116400623583942e-05,-1.1084244602064415e-05,4.9282534334311566e-06,3.171754339108242e-05,2.568540270995793e-06,1.714870135959204e-05,1.6570351965136434e-05,1.4797197222426225e-05,1.3357093355922345e-05,-6.674224975303606e-06,8.429226558300914e-05,5.781127780503783e-05,-1.4366167752215055e-05,1.960418787997774,2.2944172288288147,-0.4075114766915361,-1.6514173497917748,-2.1413384044808126,-2.444495495690403,-1.252665618152947,1.8430104295425291,0.33275899667276704,-0.1030543318202712,0.08114866803361939,0.01808118838495273,0.17913992090213335,0.24695557416866068,0.23323162168321343,0.16331699143662587,-0.13753869958955092,0.2311319766669606,0.23277061567017648,0.23216400735136783,-0.2302425194001702,0.23518966992789925,0.23477886321630412,-0.23049269777216466
2026-07-28T00:14,3f8fa446,手动输入,OK,,light,0.0,0.0,0.0,0.0,0,0,0,0,0.0,0.0,unknown,0.0,0,0.0,0.0,0.0,0.0,N/A,0,0,0,0,unavailable,-1.0,0,0.0,1.0,0,0.0,ambiguous,-0.09270536859316533,0.11405717249758199,0.11672416515338156,0.9825559335147629,-0.017611725339181556,0.0011055761544656853,-0.01888952718158301,-0.013375870102619473,-0.03288245154179592,0.003301119246323717,-0.007229241076105095,0.05617613185361072,0.0019338098779830802,-0.03607936351835446,-0.028240925110843994,-0.015953033031187575,0.006604764403485994,0.033408906723888285,-0.003387506470275926,0.0516253104077236,0.004370256201102686,-0.06307716056827056,-0.015442353066417377,-0.04206160204139356,0.024561240658830346,0.02542513616172981,-0.05476992676382945,0.047464275168710414,1.7078972180632284,1.5238957809546556,-2.3968608839256067,-1.6555090183428482,-1.8318308954553988,-1.4713397047348953,-1.3841829040983287,2.342400604664799,0.7515354452712609,-3.3079423259092615,-3.8902470475497717,-3.1650233564390264,1.1279288164418746,2.091918666121494,-0.08534249086401144,3.2601813619916444,4.278649202223228,-3.607570653920646,-2.6534850931420375,-3.8897750640426465,2.4377272006140105,1.8052442198790817,-3.2550518367132377,2.683125350169463
2026-07-28T00:14,6c8a340f,手动输入,OK,,light,0.0,0.0,0.0,0.0,0,0,0,0,0.0,0.0,unknown,0.0,0,0.0,0.0,0.0,0.0,N/A,0,0,0,0,unavailable,-1.0,0,0.0,1.0,0,0.0,ambiguous,-0.08067464638457253,0.03759688377571717,0.026628824469575225,0.6503482783920554,-0.03317968475805386,-0.013738027007234631,0.0120105078909542,-0.018721455741974296,-0.010948019967554432,0.037789393492037984,-0.008021434390808912,0.012858735814435236,-0.0155679594188723,-0.014843603161700317,0.030900035072537208,-0.0053455856393548225,0.02193443157424149,0.03448827424571427,-0.0007921933147038169,-0.04331739603917548,-0.01750176929685538,0.021235760356654143,0.059140960183381205,0.010607447391832753,0.015329667170755495,0.001079367521825983,0.002595313155572109,-0.09494270644689909,1.476107934198861,1.1691327611798141,-0.40528311566009473,-1.533273512540836,-1.2754597311665505,-0.4882657696456697,-1.270868514414849,1.4113478184099897,-2.5271850978091335,-1.1848539846117891,3.147329734805626,-0.8703155507568647,2.6264953015214307,1.8584449812448534,0.17330823437068998,-2.2968222344102114,-4.230462528841224,1.4919553662763716,4.06303044015992,1.2670515415309775,1.259261661902114,0.19243611700251154,0.4916721185830575,-3.542191254161866
